courier,total_deliveries,successful_deliveries,failed_deliveries,success_rate,avg_delivery_duration,avg_complain,avg_ship_cost,avg_solved_percent,cluster,performance_score
idexpress,4936,2478,2458,0.5020259319286872,217.2105708063209,1.0173697270471465,36014.5056726094,0.9950372208436724,2,0.20081037277147487
jnt,4999,2500,2499,0.5001000200040008,179.42345402413815,1.001834862385321,36834.96699339868,1.0,1,0.25681050884078377
oexpress,5000,2500,2500,0.5,139.12669605555556,1.0,14524.6,1.0,0,0.31296735827438804
sap,4997,2497,2500,0.4996998198919352,208.4777644796221,1.0,28265.959575745448,1.0,1,0.21706317936202016
ninja,4999,2499,2500,0.4998999799959992,155.84841864039439,1.0,34984.650930186035,1.0,1,0.28983217236855624
jne,5000,2500,2500,0.5,127.77147999999998,1.0,25301.1998,1.0,0,0.3286505950709258
